Название;Адрес;Сайт;Номера телефонов;t
Здоровье;Россия, Санкт-Петербург, Старо-Петергофский проспект, 44;Нет;+7 (812) 252-79-60 ,+7 (812) 252-34-94 ,;
Магазин здоровья;Россия, Санкт-Петербург, улица Есенина, 10;https://sankt-peterburg.goszdraw.ru/;8 (800) 500-93-59 ,;
Кладовая здоровья;Россия, Санкт-Петербург, Прибрежная улица, 18;https://kladzdor.ru/;8 (800) 555-41-57 ,+7 (812) 502-07-81 ,;
Соль Здоровья;Россия, Санкт-Петербург, улица Есенина, 19;https://сольздоровья.рф/;8 (800) 777-48-10 ,+7 (812) 363-47-10 ,+7 (911) 183-50-92 ,;
Здоровье всем;Россия, Санкт-Петербург, Невский проспект, 118;http://zdorove-vsem.ru/;+7 (911) 247-75-19 ,+7 (904) 513-09-05 ,+7 (965) 022-44-14 ,+7 (911) 137-12-55 ,;
Кладовая здоровья;Россия, Санкт-Петербург, проспект Косыгина, 26, корп. 1;https://kladzdor.ru/;8 (800) 555-41-57 ,+7 (812) 649-23-49 ,;
Кладовая здоровья;Россия, Санкт-Петербург, проспект Космонавтов, 14;https://kladzdor.ru/adresa-magazinov/sankt-peterburg/prospekt-kosmonavtov-d-14/;8 (800) 333-41-11 ,8 (800) 555-41-57 ,+7 (812) 449-37-57 ,;
Дом здоровья;Россия, Санкт-Петербург, проспект Стачек, 72;Нет;;
Кладовая здоровья;Россия, Санкт-Петербург, Малая Балканская улица, 27;https://kladzdor.ru/;8 (800) 555-41-57 ,+7 (911) 196-90-35 ,;
Физика Здоровья;Россия, Санкт-Петербург, проспект Чернышевского, 17;http://www.zdorov-ie.ru/;+7 (911) 742-34-54 ,+7 (921) 635-21-62 ,;
Вкусное здоровье;Россия, Санкт-Петербург, улица Коммуны, 67АИ;https://vkusno.doctor/;+7 (911) 704-72-81 ,;
Кладовая здоровья;Россия, Санкт-Петербург, Наличная улица, 40, корп. 1;https://kladzdor.ru/;+7 (812) 350-03-09 ,8 (800) 555-41-57 ,;
Интернет-магазин Страна здоровья;Санкт-Петербург, просп. Загородный, 22;Нет;+7 (911) 009-97-96 ,;
Секрет здоровья;Россия, Санкт-Петербург, Будапештская улица, 33;Нет;+7 (812) 988-60-11 ,;
Кладовая здоровья;Россия, Санкт-Петербург, Балканская площадь, 5Я;https://kladzdor.ru/;8 (800) 333-41-11 ,8 (800) 555-41-57 ,+7 (812) 655-70-31 ,;
Кладовая здоровья;Россия, Санкт-Петербург, Большая Подьяческая улица, 30;https://kladzdor.ru/;8 (800) 333-41-11 ,+7 (911) 963-82-89 ,8 (800) 555-41-57 ,;
Кладовая здоровья;Россия, Санкт-Петербург, Ленинский проспект, 130/6Б;https://kladzdor.ru/;8 (800) 555-41-57 ,+7 (812) 646-72-70 ,;
Остров Здоровья;Россия, Санкт-Петербург, проспект Космонавтов, 14;Нет;+7 (921) 581-75-98 ,;
Кладовая здоровья;Россия, Санкт-Петербург, улица Уточкина, 5;https://kladzdor.ru/;+7 (812) 348-76-79 ,8 (800) 555-41-57 ,;
Медтехника Здоровья;Россия, Санкт-Петербург, Большая Пушкарская улица, 23;https://medriver.ru/;+7 (981) 988-27-98 ,+7 (812) 233-17-94 ,+7 (812) 384-47-18 ,;
Кладовая здоровья;Россия, Санкт-Петербург, Кавалергардская улица, 26;https://kladzdor.ru/adresa-magazinov/sankt-peterburg/kavalergardskaya-ul-26/;+7 (911) 138-02-36 ,8 (800) 555-41-57 ,;
Мир здоровья;Россия, Санкт-Петербург, улица Жуковского, 33;http://www.mzmarket.ru/;+7 (812) 980-32-23 ,+7 (812) 275-95-86 ,;
Кладовая здоровья;Россия, Санкт-Петербург, 8-я линия Васильевского острова, 51;https://kladzdor.ru/adresa-magazinov/sankt-peterburg/v-o-8-ya-liniya-d-51/;+7 (981) 126-67-44 ,8 (800) 555-41-57 ,;
Кладовая здоровья;Россия, Санкт-Петербург, улица Ильюшина, 1, корп. 1;https://kladzdor.ru/adresa-magazinov/sankt-peterburg/ilyushina-ul-d-1/;+7 (812) 646-62-46 ,8 (800) 555-41-57 ,;
Кладовая здоровья;Россия, Санкт-Петербург, Колпино, Павловская улица, 10;https://kladzdor.ru/adresa-magazinov/kolpino/kolpino-pavlovskaya-ul-d-10-/;8 (800) 333-41-11 ,8 (800) 555-41-57 ,+7 (931) 281-52-84 ,;
Кладовая здоровья;Россия, Санкт-Петербург, Московский проспект, 87;https://kladzdor.ru/;+7 (931) 281-50-47 ,8 (800) 555-41-57 ,;
Кладовая здоровья;Россия, Санкт-Петербург, проспект Большевиков, 10, корп. 1;https://kladzdor.ru/;8 (800) 555-41-57 ,+7 (981) 690-01-64 ,;
Кладовая здоровья;Россия, Санкт-Петербург, Московский проспект, 172;https://kladzdor.ru/;+7 (812) 371-88-14 ,8 (800) 555-41-57 ,;
Кладовая здоровья;Россия, Санкт-Петербург, Вёсельная улица, 2/93;https://kladzdor.ru/;8 (800) 555-41-57 ,+7 (812) 643-09-33 ,;
Кладовая здоровья;Россия, Санкт-Петербург, проспект Энгельса, 150, корп. 4Ж;https://kladzdor.ru/;8 (800) 555-41-57 ,+7 (812) 610-70-48 ,;
Кладовая здоровья;Россия, Санкт-Петербург, проспект Космонавтов, 45;https://kladzdor.ru/adresa-magazinov/sankt-peterburg/kosmonavtov-pr-d-45/;8 (800) 555-41-57 ,+7 (812) 336-80-12 ,;
Кладовая здоровья;Россия, Санкт-Петербург, проспект Римского-Корсакова, 57;https://kladzdor.ru/adresa-magazinov/sankt-peterburg/rimskogo-korsakova-pr-d-57/;+7 (812) 643-25-72 ,8 (800) 555-41-57 ,;
Кладовая здоровья;Россия, Санкт-Петербург, Моравский переулок, 5;https://kladzdor.ru/;8 (800) 555-41-57 ,+7 (931) 281-52-74 ,;
Дом Здоровья;Россия, Санкт-Петербург, Полюстровский проспект, 47;http://dom-zdorov.com/;+7 (812) 408-19-27 ,;
Кладовая здоровья;Россия, Санкт-Петербург, посёлок Парголово, улица Михаила Дудина, 6, корп. 1;https://kladzdor.ru/;8 (800) 555-41-57 ,+7 (812) 655-04-49 ,;
Кладовая здоровья;Россия, Санкт-Петербург, улица Вавиловых, 14;https://kladzdor.ru/;8 (800) 555-41-57 ,8 (800) 333-41-11 ,+7 (931) 382-08-59 ,;
Кладовая здоровья;Россия, Санкт-Петербург, проспект Просвещения, 87, корп. 1;https://kladzdor.ru/;+7 (812) 612-13-09 ,8 (800) 555-41-57 ,;
Кладовая здоровья;Россия, Санкт-Петербург, Енотаевская улица, 10;https://kladzdor.ru/;8 (800) 555-41-57 ,8 (800) 333-41-11 ,+7 (812) 554-30-96 ,;
НатурКонс - Здоровье под ключ;Россия, Санкт-Петербург, Большая Конюшенная улица, 27;https://naturcons.com/;+7 (904) 609-90-26 ,;
Кладовая здоровья;Россия, Санкт-Петербург, Заневский проспект, 24/35;https://kladzdor.ru/;8 (800) 555-41-57 ,+7 (812) 444-46-74 ,+7 (812) 644-42-69 ,+7 (812) 644-41-97 ,+7 (812) 644-41-98 ,;
Кладовая здоровья;Россия, Санкт-Петербург, Камышовая улица, 50, корп. 1;https://kladzdor.ru/;+7 (812) 341-48-98 ,8 (800) 555-41-57 ,;
Кладовая здоровья;Россия, Санкт-Петербург, проспект Стачек, 99;https://kladzdor.ru/;+7 (812) 336-85-34 ,8 (800) 555-41-57 ,;
Товары для здоровья;Россия, Санкт-Петербург, Ленская улица, 18;Нет;+7 (904) 557-19-93 ,;
Мир здоровья;Россия, Санкт-Петербург, Московский проспект, 183-185;http://www.mzmarket.ru/;+7 (812) 980-32-23 ,;
Кладовая здоровья;Россия, Санкт-Петербург, улица Ленина, 20;https://kladzdor.ru/adresa-magazinov/sankt-peterburg/lenina-ul-d-20/;8 (800) 555-41-57 ,+7 (812) 232-78-42 ,;
Кладовая здоровья;Россия, Санкт-Петербург, Заневский проспект, 65, корп. 1;https://kladzdor.ru/;8 (800) 555-41-57 ,+7 (812) 449-44-80 ,;
Кладовая здоровья;Россия, Санкт-Петербург, Московский проспект, 137;https://kladzdor.ru/;8 (800) 555-41-57 ,+7 (812) 371-88-14 ,+7 (812) 449-44-07 ,;
Кладовая здоровья;Россия, Санкт-Петербург, Старо-Петергофский проспект, 41;https://kladzdor.ru/;8 (800) 333-41-11 ,+7 (812) 252-05-73 ,8 (800) 555-41-57 ,;
Кладовая здоровья;Россия, Санкт-Петербург, улица Савушкина, 14;https://kladzdor.ru/;8 (800) 555-41-57 ,8 (800) 333-41-11 ,+7 (812) 430-59-05 ,;
Ортопедический салон Кладовая здоровья;Россия, Санкт-Петербург, Петергофское шоссе, 45;https://kladzdor.ru/adresa-magazinov/sankt-peterburg/petergofskoe-shosse-d-45/;8 (800) 555-41-57 ,+7 (812) 457-07-53 ,;
Дом Здоровья;Россия, Санкт-Петербург, Наличная улица, 49;http://dom-zdorov.com/;8 (800) 700-63-48 ,+7 (812) 408-19-07 ,;
Кладовая здоровья;Россия, Санкт-Петербург, Ленская улица, 4, корп. 1;https://kladzdor.ru/;8 (800) 333-41-11 ,8 (800) 555-41-57 ,+7 (931) 281-52-57 ,;
Компас здоровья;Россия, Санкт-Петербург, улица Ярослава Гашека, 9, корп. 1;http://www.k-zd.ru/;+7 (964) 348-16-21 ,;
Кладовая здоровья;Россия, Санкт-Петербург, Богатырский проспект, 13;https://kladzdor.ru/;8 (800) 555-41-57 ,+7 (812) 336-80-16 ,;
Кладовая здоровья;Россия, Санкт-Петербург, Богатырский проспект, 42;https://kladzdor.ru/adresa-magazinov/sankt-peterburg/bogatyrskiy-pr-d-42/;8 (800) 333-41-11 ,8 (800) 555-41-57 ,+7 (812) 718-27-14 ,+7 (812) 740-70-67 ,;
Кладовая здоровья;Россия, Санкт-Петербург, проспект Маршала Жукова, 31, корп. 1;https://kladzdor.ru/adresa-magazinov/sankt-peterburg/marshala-zhukova-pr-d-31/;8 (800) 555-41-57 ,+7 (812) 336-80-45 ,+7 (812) 740-70-67 ,;
Созвездие Красоты;Россия, Санкт-Петербург, проспект Космонавтов, 14;https://www.beauty-shop.ru/;8 (800) 222-32-98 ,+7 (977) 818-95-75 ,;
Кладовая здоровья;Россия, Санкт-Петербург, улица Бабушкина, 125;https://kladzdor.ru/adresa-magazinov/sankt-peterburg/babushkina-ul-d-125/;8 (800) 555-41-57 ,+7 (812) 449-13-01 ,;
Ортопедический салон Кладовая здоровья;Россия, Санкт-Петербург, проспект Ветеранов, 101;https://kladzdor.ru/;8 (800) 333-41-11 ,8 (800) 555-41-57 ,+7 (812) 336-61-30 ,+7 (812) 740-70-67 ,;
Кладовая здоровья;Россия, Санкт-Петербург, улица Академика Байкова, 8;https://kladzdor.ru/;+7 (929) 105-81-96 ,8 (800) 555-41-57 ,;
Кладовая здоровья;Россия, Санкт-Петербург, улица Рихарда Зорге, 18;https://kladzdor.ru/;+7 (981) 763-52-48 ,8 (800) 555-41-57 ,;
Экомаркет Компас Здоровья;Россия, Санкт-Петербург, Средний проспект Васильевского острова, 9;http://kz-shop.ru/;+7 (960) 271-10-25 ,;
Кладовая здоровья;Россия, Санкт-Петербург, улица Костюшко, 2;https://kladzdor.ru/adresa-magazinov/sankt-peterburg/kostyushko-ul-d-2/;8 (800) 555-41-57 ,+7 (812) 333-41-11 ,+7 (981) 740-88-64 ,;
Кладовая здоровья;Россия, Санкт-Петербург, Балканская площадь, 5АД;https://kladzdor.ru/;8 (800) 555-41-57 ,+7 (812) 386-37-15 ,;
Сибирское здоровье;Россия, Санкт-Петербург, Индустриальный проспект, 19;https://ru.siberianhealth.com/;8 (800) 755-87-55 ,+7 (981) 946-02-99 ,+7 (911) 986-57-16 ,;
Дом Здоровья;Россия, Санкт-Петербург, Светлановский проспект, 75;http://dom-zdorov.com/;+7 (812) 408-19-03 ,;
J-health.ru;Россия, Санкт-Петербург, Транспортный переулок, 1;http://j-health.ru/;+7 (999) 249-37-76 ,+7 (999) 538-09-08 ,;
Кладовая здоровья;Россия, Санкт-Петербург, улица Отважных, 8;https://kladzdor.ru/adresa-magazinov/sankt-peterburg/otvazhnykh-ul-d-8/;8 (800) 333-41-11 ,8 (800) 555-41-57 ,+7 (911) 138-01-17 ,+7 (931) 281-53-08 ,;
Кладовая здоровья;Россия, Санкт-Петербург, проспект Просвещения, 15;https://kladzdor.ru/;8 (800) 555-41-57 ,+7 (812) 319-26-55 ,+7 (812) 740-70-67 ,;
Кладовая здоровья;Россия, Санкт-Петербург, улица Блохина, 17;https://kladzdor.ru/;+7 (812) 498-16-18 ,8 (800) 555-41-57 ,;
Экомаркет Компас Здоровья;Россия, Санкт-Петербург, бульвар Новаторов, 79;https://kz-shop.ru/;+7 (964) 348-16-06 ,;
Магазин Мир здоровья;Россия, Санкт-Петербург, Щербаков переулок, 12;http://mir-zdorovya.com/;+7 (905) 253-67-85 ,;
Дом Здоровья;Россия, Санкт-Петербург, улица Коллонтай, 17к2;http://dom-zdorov.com/;;
Кладовая здоровья;Россия, Санкт-Петербург, Гжатская улица, 3;https://kladzdor.ru/adresa-magazinov/sankt-peterburg/gzhatskaya-ul-d-3/;+7 (921) 396-51-27 ,8 (800) 555-41-57 ,;
Забота;Россия, Санкт-Петербург, Пушкин, Ленинградская улица, 35;http://eko-zabota.ru/;+7 (911) 140-56-50 ,+7 (953) 352-90-00 ,;
Ортопедия24.ру;Россия, Санкт-Петербург, Будапештская улица, 33;https://ortopediya24.ru/;+7 (931) 007-67-57 ,;
ОРТЕКА;Россия, Санкт-Петербург, Невский проспект, 122;https://orteka.ru/?utm_campaign=knopka&utm_medium=maps&utm_source=yandex;8 (800) 222-14-89 ,;
ОРТЕКА;Россия, Санкт-Петербург, Садовая улица, 45;https://orteka.ru/?utm_campaign=knopka&utm_medium=maps&utm_source=yandex;8 (800) 222-14-89 ,;
